"id","title_id","real_name","character_name","role"
"0989eb3c-0191-493c-8ecc-7c4bf18c60bc","4a3b318d-521f-4b01-bf10-27b26f3f6fa4","Della Morissette","Brad Hahn","Actress"
"2cc0db38-f3a4-4229-adb7-a7f8363e05a8","6318daf0-a7b2-4198-a77e-4669d9f26d85","Dallas Abbott","Arlo Johnson","Actor"
"66a605bd-55e9-4b84-a86b-0b9c41d4d200","fe120b99-ea85-4921-a43f-50c6fc8e3b63","Jadyn Kiehn","Carson Sawayn","Actor"
"2128757f-a8f1-46ea-9682-2fb1e92f2d76","182e6b59-1278-433f-8725-087166bb58cf","Fletcher Mayer-Wilkinson","Cara Satterfield","Actress"
"52adef6b-ed80-4657-8bf4-a3d654557e8c","938bdff5-8fc2-478d-9f07-0059b036ce10","Maurice Bruen","Yasmeen Little","Screenwriter"
"0fd6dd55-161c-44ad-bad6-5fadffe49f6c","078de9b4-9f1d-42ad-af87-dfe79d0b9637","Joy Nienow","Daren Hoeger","Cinematographer"
"882aa8ba-5566-4288-942d-e986fb9c030a","bec32d8d-7284-434f-af20-dbb72b42d053","Kattie Murphy","Jameson Hoeger","Film Editor"
"63954325-b676-4753-a035-6190ef5ac194","aed74a90-4721-4121-877a-532695e6f2d2","Jannie Botsford","Omari Kovacek","Director"
"432c45c0-9847-42a5-9769-b33f04d3ee4d","3bd1f07f-4c76-445f-a531-894abb40b280","Orin Lindgren","Vicenta Trantow","Director"
"a67a7683-ed35-4624-ac54-e8dc36d2eaf1","09f5f945-2f7d-439e-842c-7c2e02a729d7","Jalon Gislason","Uriel Bailey","Director"
"9201ed2b-2409-4731-8f4b-5e0bee0f81b5","aa78f410-c9df-4198-84d7-df4bf5444b45","Jensen Wunsch","Augustine Hessel","Costume Designer"
"4754727b-5314-48f3-9715-8ec8d1c30851","c5fcc4bc-93ce-4d73-9b02-0dcceca5c0df","Dagmar Bartell","Marlee Gerhold","Costume Designer"
"4b582d6f-0867-4cdc-a1cc-3d49a5ebbee0","418bd07c-b51b-4571-a873-1528ea937b12","Nathanial Luettgen","Herman King","Music Composer"
"fb2d3dea-c3f5-42c9-969c-5ca7260860e6","7dcb548c-02df-4df6-aa5e-b8cd087c6cac","Karolann Bartell","Everette Langworth","Producer"
"68ad6853-22e9-40b0-9b19-9c7938ee974c","58ce5a45-50a6-43fa-80d1-d1ffc0eb3338","Abbey Moen","Richard Schmeler","Actress"
"2d8a6019-9a4b-473e-8c3c-fd677f373c6d","6b2ccad2-2288-400d-89bd-b9a422401796","Stacy O'Keefe","Ignatius Schulist","Director"
"34d71538-3b0b-4e79-8816-fb1a384a22c4","bcb5d43e-ba6b-4dde-8f80-3142e51d90aa","Cloyd Stoltenberg","Gerardo Stoltenberg","Film Editor"
"f4316411-972f-499d-9d7e-c0e59f7efd2e","3cf57acd-459a-4cda-bac2-bc231f877f63","Collin Hilpert","Kaylah Rice-Pagac","Actor"
"28039adb-dc83-49d6-95f8-cf63f1038784","d74b0d9e-c3bd-4f59-b7e2-91ce1f68db18","Craig Zulauf","Nikki Mante","Cinematographer"
"deafead9-e3d5-4e28-9008-0339189d91ac","f67e910d-b7f9-4e4c-8650-830675bcfa4b","Lamar O'Connell","Hester Cremin","Film Editor"
"b0b72d55-86b7-4273-8bf9-659172f9b9cd","174c79e8-3096-4a18-a87c-9effebb7f3a4","Damian Von","Rhiannon Boyle","Cinematographer"
"c5b92e9c-4eaa-4ee8-9de9-a2f29bcc49a4","d19bcfd6-f42c-4491-ab85-f76d82b214a6","Adelle Schulist","Adrianna Gutmann","Director"
"119728f4-b04e-4723-bccd-9f0b1a6576a9","2ecd0ab5-bd4e-4a43-b240-71555ee8c55a","Joel Macejkovic","Jeffrey Reilly","Actress"
"fe5f42ab-28a7-436b-b403-7daac87f7b02","40cc1efa-2933-4e67-bebd-7914093a9f57","Felipa Harris","Gaetano Legros","Screenwriter"
"a24b0cf3-b64f-4665-accc-742b94d4b0e6","0065c6f4-0dd3-4179-acc7-b7f71a175f61","Audrey Roob","Bret Rowe","Actress"
"219ea341-3039-40a4-9b3f-869bd2fd01d5","73ded8e7-b94d-47bf-8a97-53fd95f02f29","Carmel Von","Camryn Terry","Director"
"21713e0f-7f94-47be-b36b-d32bfeaac05f","922d4672-9468-44b0-868e-6942e6181793","Amanda Schiller","Bennett Conroy","Music Composer"
"798b4a32-0021-4bb5-ae8e-748cbce600a3","72e2ed5a-c160-4e49-8da0-694c2ed44518","Jakayla Nolan","Dayton Gleichner","Cinematographer"
"db186263-3b61-474f-91e3-6f9da10d4488","eb3c293e-18ba-4804-a239-10b23e2eb799","Jerry Murazik","Pedro Beahan","Producer"
"7b8b2ee1-691b-4e89-ae94-abe1ef5b54ea","623505fd-87db-4847-bcca-20b80f942848","Eliane Cassin","Wilson Fisher","Costume Designer"
"b8ef0e8a-16aa-4a6c-a047-ceec05e89fd8","95549095-83e1-4745-8a32-96c68c5307bb","Miguel Weber","Selina Hane","Costume Designer"
"ea9f35b3-7d27-45b2-b5d1-9cc050f6d444","3d2798f8-a64e-4c55-b70a-4b68c7008f2b","Kaleb Jaskolski","Gerson Schamberger","Screenwriter"
"07767ff6-2697-438b-ba05-cdd638bd2182","153fa21a-ff52-4325-b08c-5d5748e56ca7","Curt Romaguera","Myrtle Konopelski","Screenwriter"
"717be337-0b72-4628-8bc7-42c2651a9d5e","8d648d13-4b04-4c0c-9f3c-e160eecee7e5","Unique Hirthe","Ignatius Watsica","Producer"
"7fe5b8eb-fcde-430c-ae6c-777a452bce0b","c5a5eb7c-053d-4cf3-8a00-50eeb4d03228","Rogelio Howe","Aliyah Cummings","Actor"
"eaba9a75-9dfe-45ac-8795-047372b14f90","5ef2c153-3f82-49a6-8c61-5f9cf16cfeaf","Kacey Conn","Frank McLaughlin","Cinematographer"
"d8e2be62-784b-464c-a2d5-f916de8908c4","333d891f-ec2d-4a5c-b9c2-a66c45b793cb","Caesar Rolfson","Katherine Mayert","Screenwriter"
"565c7bfe-e937-4a36-99a0-0bf8d25d407c","dc5cb19c-fac1-45f8-8bdf-820beca769c0","Elisa Blanda-Jaskolski","Ernest Mann","Production Designer"
"febe5eda-2c5f-4bd2-a690-bf5860682def","06095c5a-854d-4dd0-9905-bd83fb6e27bb","Spencer Stamm","Tamia DuBuque","Director"
"c18db66f-39bf-4e8f-91ae-95ca1cbd1c76","a81fa5bd-2efa-4599-87ce-e9f01a5a66f0","Celestino Bartell","Rodrick Bartoletti","Cinematographer"
"720711f1-ebe0-42ae-b54e-a658483b96ab","ba7f8c58-ab8f-42e2-9344-9b6845e0701d","Bettye Marvin","Delaney Zulauf","Actor"
"bf32d80c-d475-496d-8159-fc7a59cb1277","eb400dde-ceec-4dd9-bb07-57a7459a9acb","Gerard Leffler","Juana Thiel","Production Designer"
"2be1a848-482b-4de9-8d5c-3918f8af3e5a","a7bac8ee-6417-4b4a-ac7c-2ecdbac2856a","Jayda Yundt-Robel","Carroll Rolfson","Production Designer"
"900819ea-a7f1-4d1d-abb0-5bf545bc0112","32386be5-13ee-4bfc-8412-9c7d8191939b","Reyes VonRueden","Angelica Fay","Producer"
"41474eb5-ec17-43de-ae20-2969627c6ea4","75e0353c-fb73-43d6-b411-ab6b8cb9dfd1","Judge Glover","Leopold Fay","Film Editor"
"a556c4d5-c0ef-4654-bc3a-d58574a62f34","59064436-30bb-4f86-ae94-d901d7801482","Madisyn Green","Amy Walsh","Costume Designer"
"b8857920-69e3-4df5-831d-46edf6ccb201","ec910045-adac-4d80-aaa0-cf615d866b05","Royal Williamson","Desmond Collins","Actor"
"fd9b7e12-36f9-473f-ab1e-4ec0df828e31","3ed37943-ff73-4ad3-96c3-1ec0aa9105cd","Brett Ullrich","Vincenzo Howe","Screenwriter"
"96c637a4-5265-41ab-89b6-df69aca4a8e2","6682c8b5-b324-4559-a00f-da319ee8091a","Guy Morissette","Marielle Kunde","Director"
"7f849bf9-c79c-4145-a4f2-19132397b710","07e57e8d-14c2-43fb-a0f3-2cc675ce448d","Rosa Turcotte","Karl Parker","Film Editor"
"40cd396b-410e-46c4-8446-76ab8469472f","28fb248d-1e39-4ca5-9fb7-b6b50d03f797","Elaina Douglas","Ciara Stamm","Producer"
"fe45fd0f-57ea-4e6a-a043-ea96b9b2426a","4d964ad4-06f6-4c59-a7df-cdb36a61a55e","Rollin Rippin-Braun","Georgiana Dickinson","Screenwriter"
"06ba0ff4-6cb4-4e05-882c-e65b1720fe77","8bc1d096-5eb0-4157-98d8-622f91d242f4","Lindsay Parker","Dovie Block","Director"
"1c4ca306-f5c5-4e6e-8fc3-46797e09b911","6b648157-f932-4813-b8fb-124f480af04e","Trey Walsh","Alex Wyman","Production Designer"
"e6308f6a-078c-474b-8e7a-b8505f447d60","e7a02a00-2471-48c8-ac9f-ae7add63904f","Gunner Crooks","Toni Feest","Production Designer"
"7e3c3dde-37ec-4e83-a480-3b775b448e71","7a397a21-6464-496c-8654-b02d36cbe7c3","Abby Hamill","Erna Adams","Producer"
"7ea3738f-1232-4b26-966f-d9d09c20844d","ab213f3c-80f3-4c75-8825-393eb83f8ad5","Tommie Koch","Samir Reichert","Cinematographer"
"b1444d09-a4e9-460f-89f5-b5a4b344a094","f85cdc17-7913-4d1b-b8ae-86e8cf4bbf2c","Elian Dickinson","Turner O'Kon","Music Composer"
"7796ecf7-4d0f-4b34-b5e3-bc230d1e6adc","6a386ad5-f6ed-4745-9a57-da8197c4072f","Marjory Bayer","Emilia Krajcik","Producer"
"f90d3c85-266e-4812-b617-9af2a500148b","29b2bc31-f2f8-4fbd-beba-89b4d191768a","Adeline Boyer","Lelah Ondricka","Producer"
"43d95a4c-8479-475a-9641-bf52d48cb464","1473ab0a-e341-41c8-8c4f-861e8e0bd6f5","Sherwood Daniel","Delphine Parker","Costume Designer"
"63a460d4-e9aa-4040-b15d-1efe1935d6de","8a3c7b15-f01f-45e4-80ee-3254a1659f77","Lysanne Beatty","Dino Boehm","Screenwriter"
"28f9bd2f-8b9c-4a3e-b857-e6f183979b89","e68824f4-8afe-479a-8069-61e883dfa069","Dusty Hackett","Clement Grimes","Costume Designer"
"81c4c36f-ad24-403b-9ab5-adc48eacc16a","b2809b31-0311-4056-b0bb-a9f9c4e936a9","Bettie Davis","Kenny Morar","Actress"
"01a043f3-ab25-4e9d-9c4a-bc05e089d3c8","378552ae-cffc-4b30-92fe-a2a7c83f4e1a","Maxine Trantow","Lina Brekke","Director"
"9509639a-d61d-46b0-83a7-98bf7c131eb3","d29324f7-8674-42d7-beed-1b286b8d4e01","Annabel Wilkinson","Johnathan Pfeffer","Production Designer"
"92ac16e2-923a-4504-aa5b-abf770287e75","ddda73a8-b495-46fc-8822-040bd4865daf","Enoch Collier","Danny Christiansen","Production Designer"
"1b0303e1-7139-4d9e-8951-8a800103358b","728d4a5b-037d-4937-a22c-3b88ceea8d50","Terrence Fahey","Vidal Wyman","Producer"
"96592ad6-2955-4083-9d91-1ab0ed71224a","5b8d36bb-84bf-4cc0-805d-9c444bf539b9","Lafayette Rodriguez","Noe Balistreri","Actor"
"d12113d9-38a5-453c-9e6e-16d69b179363","87c35280-251e-418c-8475-9d9ca6b9a389","Barbara Deckow","Norris Corwin","Producer"
"063b84c1-5e18-4d66-8a2f-0e1079bb528e","3d4573eb-8d0c-4790-8886-bd4912d6f84d","Dion Adams","Wellington Ebert","Producer"
"d67d00aa-cb01-46f7-b49e-63baf427898f","6f3d0769-947f-403f-97eb-3ef779a356e0","Tamia Kub","Sarai Walker","Actress"
"4db433ec-df88-495c-8eb7-ee4232ffaa5c","721f509a-555a-4fe4-b1aa-10c285aed9ae","Rene Mohr","Marina Deckow","Costume Designer"
"8e9c3d6a-0505-4355-aebc-35c4ffe14df3","afc8bc84-c234-4207-8c72-ddd1d74e28ae","Brooke Moore","Amie Gibson","Production Designer"
"3f3eaabf-30e9-4a51-85bd-9b606e5a8e80","ec9e3a4e-67a0-4007-9e13-f3407633ec2d","Lon Beer","Danyka Wolf","Screenwriter"
"266a44f4-51ad-4407-bb5d-a9ae342ac2cd","b36c5b52-728e-4a28-94df-369782a3e71f","Alda Klein-Kuhic","Kaylah Hoeger","Film Editor"
"b277cd1a-0dca-4b31-b994-0855b66a702e","86d277a3-d7bf-4e7d-8ad9-7997f35a6ddd","Mylene Cremin","Grayson Morar","Director"
"5b4fa89b-e1ff-4416-8c63-1f0e8dd12b40","0e5e2158-db4e-47c8-a437-93906197537b","Zander Lueilwitz","Cheyanne Berge","Music Composer"
"bfc54ed2-f01c-4bce-986b-ab8b28fed90d","a72d7a73-ce53-4cd6-ade0-3387cae22bdb","Alfreda Stamm","Skye Ledner","Music Composer"
"ebdadc8e-bad0-4b1a-8331-754f579be3c1","05ef6797-98f5-490a-bfee-7e0a259efdde","Ignacio Wisozk","Murphy Schneider","Screenwriter"
"245801df-c29f-460d-b6d4-9ef522e75a02","202af6d1-275c-428d-913b-ac70dd934016","Hazle Ledner","Morris Moen","Costume Designer"
"d08ad71b-1ded-4e9d-8595-9a54bcdbcbbd","e2050abb-1271-4104-94fc-52badb0ab3b5","Marlen Braun","Nola Bartell","Producer"
"019cb23e-943e-445b-9073-050ec1a59b5e","ab92048c-8392-45f0-8391-72674e44c0bb","Jordane Metz","Leonie Zemlak","Film Editor"
"aee85f74-9066-4514-8d23-daf2bda10dee","f8668f17-d977-4ed0-a1bd-ccca697d32e6","Emile Bashirian","Oren O'Keefe","Actress"
"b0414b5a-d0e9-4272-bdc2-5f9b37646042","25cd0e94-1cba-4f31-a611-26c458a2c3d2","Bud Prosacco","Joaquin Donnelly","Director"
"7659d742-2e7f-4359-a2bb-970e1232bde1","5619ed3c-4399-42aa-91bd-c1ada70d412f","Bert Wilkinson","Dalton Gleichner","Production Designer"
"c7323788-ea8a-43ba-9343-bf6801f302f7","5426042f-60c8-42d7-bb5f-f743abaada98","Ned Pacocha","Hunter Price","Actress"
"06ddbc38-e5fa-4b9e-a361-6d75856189b2","b4ef74c9-9b21-4468-b2b9-35ce1488289c","Garrison Dicki","Johathan Jerde","Actress"
"dd09147b-6838-44d5-a217-191db0506bd1","247f50c7-7d28-4cb4-8289-90774fea8ac7","Jonatan Shanahan","Dallas Bailey","Screenwriter"
"af12bcdd-6137-4a36-b3c7-20d5063ca7c2","25e3bb7e-a612-40a9-a2f0-e01eebcd9071","Madalyn McLaughlin","Maureen Robel","Actor"
"7c51c04d-3857-4615-b210-ab9b48841ec6","f370d4ab-fa78-4d69-9e76-20a9d3777747","Daphney Jacobi-Ortiz","Luisa Gutkowski","Film Editor"
"b5a81096-cd34-4821-891d-abf2f45c0540","74f7e357-cb3a-4dd8-a038-7f626a2e3155","Leonardo Mann-Hilpert","Hermina Wolff","Production Designer"
"20a1e29f-f8f0-4636-a899-7f236d1c397c","dcbcfbbe-a1df-45e6-8906-9c9b264b5f1a","Darrin Volkman","Isac Carroll","Costume Designer"
"4832e7dd-35bc-41a2-b7c6-333a4feb2950","260a31e2-4eb3-4033-863e-078deeadd8e0","Elliott Fadel","Don Abshire","Producer"
"43b92991-c63c-404e-8413-96876d9a3465","199e9e39-3db4-448c-9572-399e23d46f9f","Noelia Bogisich","Noemie Swaniawski","Actress"
"35db19ea-cbc6-412c-b15e-3d27b4c9e4d7","5e44364a-b9b0-4be0-8a15-d811f55de433","Bennie Hayes","Jonas Considine","Producer"
"a69238cf-8f2b-4095-a9ec-17d87083fa67","08d9e0bb-5801-4fc5-abc4-051207372ff8","Eugene Emard","Meagan Schimmel","Film Editor"
"ca17c6ec-3ca2-4360-85aa-a7c527ce85c4","fa8f0b2e-2bb9-4ac7-bd09-614bf2655dd4","Breanne Walsh","Cortez Ryan","Film Editor"
"c2a4d7ec-f61b-4882-b8f6-4f10d20b89ed","205ad4cd-37da-4440-8c38-8df45bf06e83","Blanche Kihn","Lauriane Dietrich","Cinematographer"
"8bbc39fb-3e44-4ec1-a6c1-cd3b70f73a2d","aed760b4-90a7-4751-acee-860d7410b3da","Devyn Johnson","Jess Pagac","Production Designer"
"62f4b1c2-f7c2-4e34-a437-0007b054b006","51394276-ad90-4586-829c-73724a15dc33","Charlotte Champlin","Alexander Muller","Actress"
"684ada2e-59f4-475c-bbe5-5cfa059bd872","b5474421-6701-4915-a120-4f02455f0f9d","Harmony Daniel","Kevon Beer","Production Designer"
"1cd18b4a-414f-4446-a44f-674349a24bd4","1b1c6d4e-a4aa-4a40-a838-c6eff4dec421","Buddy Boehm","Luella Yost","Producer"
"f96cb0ea-7abe-498e-a79d-0add6b16e6a8","3ae60eaf-4500-40f8-a924-375c1aefc7f4","Leila Buckridge","Martin Dach","Production Designer"
"1bd4fc09-2671-45ca-a85e-929ddf7aab6d","404aaef8-474e-4825-958b-aee05debfa31","Mattie Murazik","Johnathon Hudson","Film Editor"
"255e510e-304c-41ca-a382-5d2ae0c036b9","6f743b6e-82ee-4ce4-9828-235384f81dd2","Shaylee Veum","Alysa Stoltenberg","Screenwriter"
"124cd178-2c45-4b9c-ad97-9b7842ae9ea8","b4a6060f-0f0f-424d-b9e4-ceb0cece7375","Ole Tillman","Louie Harris","Production Designer"
"0b4b527f-f6d2-4ec4-a4d0-b1dfae3e6a14","48fbdec4-27de-470c-8a10-6411eb9f6fea","Frieda Stroman","Loyce Hansen","Production Designer"
"6e868b0b-5fab-417b-962b-d421e5cba052","fcbd1837-d75d-457b-ba51-1d4169cef421","Crystal Windler","Kamryn Schaden","Actress"
"53331ff4-f380-4295-87a1-e4979fcb20c5","cbb99e45-26ce-4847-8824-0acde556e7f6","Linnie Braun","Susana Larkin","Music Composer"
"eb120085-ed59-4653-93f9-6cede76bfa16","4f336580-84d4-4851-b157-1653e7b2a247","Emely Zieme","Roy Shields","Director"
"23cae909-9524-4bc6-a319-b535bfd3dd20","71b09339-f672-4c90-b8e0-cd16ea7bb555","Reinhold Rogahn","Joseph Dach","Actress"
"5ed0d1b8-9443-4bed-b822-e53272df2101","45018865-05e6-4247-bfd3-49b20da93177","Amara Luettgen","Broderick Bechtelar","Producer"
"35225eba-792f-4341-8ee9-aef36520d5f5","9bd9a7a2-5a91-4d92-8904-cc3968908085","Alec Schroeder","Collin Larson","Cinematographer"
"9b754658-0d94-42b0-827b-48936e1721eb","466d6984-796e-4acb-98fa-460e77c18517","Glen Goodwin","Matt Gottlieb","Director"
"17774ca2-7685-43c9-a39a-e24a5e13614b","9af606df-d588-482d-a2eb-d496eee3c5f2","Beulah Roberts","Missouri Lesch","Screenwriter"
"21473277-cb97-4714-b278-d37a99092e69","2f2e76bb-a864-4c6b-bba0-7d012b12072a","Marie Lemke","Glenna Wuckert","Producer"
"ba61e65c-f4db-4129-bfab-87a16d9d3dbd","bb097bb9-211e-48af-9ba1-8e746d5c0e0a","Trent Kub","Eliane Swift","Production Designer"
"5ba08a7d-da21-4675-a90f-50e127fcb3f7","5610cee7-ad0b-41d9-9a50-29e5bab4bde8","Misty Fahey","Will DuBuque","Actor"
"188dbce3-751b-4a50-941e-b9c7ea2800f1","5bb56752-a480-40e4-a1e2-83796ea89b5f","Celine Cummings","Marc Morissette","Costume Designer"
"bbf53999-435e-43d2-b22d-e61ab8ed3c2b","83c12df2-30e2-4921-b44c-df704f7c7cfd","Emmitt Schroeder","Asa Rolfson","Costume Designer"
"ca86f7af-3f45-4ac5-ba87-24e6f89dedf6","8f53fa99-66ac-49b4-8295-75023cd08939","Bette Jakubowski","Addison Conroy","Film Editor"
"87b9d9bc-45d1-4b27-8f0c-89f65ff40e47","9d98e4b7-5bba-45a2-859a-8eb82315640f","London Herman","Everett Hegmann","Music Composer"
"7d75a174-ca55-4643-a3cc-2530fadf1136","86dd7f4b-af6b-4b4c-82e9-5504c17ef37f","Merl Kshlerin","Dell Thompson","Film Editor"
"506db9f9-fe84-4d7b-b47d-8b464c36d237","a991dbc7-0df1-4e4b-8a24-498fab11eda7","Roy Bins","Rosalia Bode","Director"
"7acb78c9-f823-475f-bf48-f054d7526804","161c5dc3-ef0a-42b8-9cad-97084e56d6ca","Joanne Fay","Maggie Ritchie","Costume Designer"
"613cf3ee-11d8-4c64-ae89-967916f61fdc","917124d4-6c60-4d0f-9fbf-58a25a6d4e59","Katelyn Lehner","Kailey Klein","Director"
"33b03c88-a8e2-45a2-bad7-3793f48fe9b4","7a620c63-7cbd-4295-82c5-8497e3ec9f67","Pasquale Nader","Hilario Rogahn","Production Designer"
"ba504be7-6cd3-4b2e-be17-314483355033","92a30bb3-ff4e-4d9c-b2ef-bd5d892058fb","Caleigh Parisian","Jefferey Kilback","Director"
"45e034c3-df70-43cb-bbf6-7fd762a02f90","079b2d97-7e53-44f3-83c1-7760777bd8ea","Luigi Senger","Harmony Deckow","Cinematographer"
"51ed534b-223d-469a-9c98-c3e8f68018fb","06639f28-9770-4243-bafd-ae6f5bc34e9e","Clifton Hackett","Germaine Ferry","Actress"
"f323e113-618a-4272-8903-05c04f0497a1","e9ee596f-cdfc-4229-bc3e-e7329bf22b50","Janet Kohler","Easter Mills","Film Editor"
"ff1ca6fc-5d88-41b2-915d-8cae00ca0c3f","1c0339bf-416b-4b19-b000-53ce8b7a61af","Francisca Hammes","Torrey MacGyver","Costume Designer"
"e4f89be6-0da2-4438-9365-9b3ea1f11cde","ec731ff8-bc68-4a3c-accc-7b8ceba3d01e","Ethyl Durgan","Maxime Raynor","Film Editor"
"7ee49543-8c35-4a20-9055-2a127a07e742","459c4a05-654b-4db3-8552-40916bfa174b","Ayana Yundt","Brielle Ryan","Cinematographer"
"32a27e92-ec25-4829-ad40-a795b70ac8ff","561ca5fd-6241-4390-a308-254d1ce9896a","Heloise Koelpin","Damien Vandervort-Bahringer","Producer"
"5d6d792d-e46a-4d5f-b82b-cbc3bb7185bc","d120e4ed-b4ba-449c-a4e4-ae67405818e9","Lulu Cartwright","Taya Bode","Cinematographer"
"458da9d1-e3b0-4390-96a3-847ae1c24f78","6dbde251-12a7-4bc4-8e87-b8d711f4b4f1","Lela Cruickshank","Lowell Stoltenberg","Actress"
"378b30f8-2112-40a0-a3fc-84d5f4c669eb","6798a423-9d64-4e72-ad2a-8f4341605373","Irving Nicolas","Jason Crona","Cinematographer"
"2434206e-b7cf-41db-9a77-02098d0e3f5b","169d79ba-195a-4b96-b1b3-0923a31dbfbb","Green Hauck","Noemi Kautzer","Music Composer"
"71d25390-afce-4289-b4d5-acfc5ab603c3","3abc4342-933b-4156-9b81-9e8321b98a18","Carolanne Waelchi","Idella Daniel","Cinematographer"
"8a18332c-c7a7-4b03-adfe-5c11d560769f","918690cb-d7ac-405c-93a2-497aca3468a9","Jazlyn Sauer","Edison Carter","Film Editor"
"bff4edf4-e767-495e-bb3d-fefa9264bfb2","3c0cfd07-2963-42ae-9502-455af1c64478","Sadie Mohr","Isabelle Friesen","Director"
"d46c4b1c-cc57-424d-b9f5-2ac57d6927f9","dea3863d-0ee8-4978-be75-b674f2f54cb2","Anya Feeney","Norwood Kuphal","Director"
"1eec8d44-64c5-43a9-a8b1-cc5e3b07773f","b06c72d0-c0c0-4743-8a17-01182bdd1a95","Tavares Kerluke","Nigel Weissnat","Actor"
"97d68eca-1e21-4423-9d1c-c2057b03b3ea","6dab5fcb-1f0e-448c-a591-fce933687410","Nyasia Erdman","Cortez Toy","Film Editor"
"4fb84c26-a66c-4569-9f11-f99580ab2843","7bf830d1-c25d-4412-af5d-95ab31e0f0b9","Melyssa Skiles","Rod Effertz","Costume Designer"
"3f68282e-504c-4473-a834-b7dd8e6f5087","5529a5f9-db2a-459d-8c2f-4f5d37d9c036","Toy Tremblay","Kyler Haag","Film Editor"
"28d0e738-53e8-4d9a-95a7-4f2bac117f20","d803b156-737a-49d1-81c5-4581fe71667d","Edd Rodriguez","Roel Kilback-Stokes","Production Designer"
"3660ed79-36f3-41d7-982e-a3f806df3369","024f8f2a-8769-4bc8-b61c-55aa44352db1","Alisha Koss","Rusty Carter","Actress"